id,name,lastname,price,flycode,typePassenger,statusFlight267,Abbie,Espinoza,25000.00,TU6789B,ExecutiveClass,Aterrizado
926,Abbie,Guzman,18000.00,BR3456J,EconomyClass,Demorado
700,Abbot,Maldonado,33000.00,HY4567D,EconomyClass,Demorado
476,Abigael,Lopez,12000.00,GU2345F,ExecutiveClass,En Vuelo
636,Abigail,Torres,18000.00,HY4567D,EconomyClass,Demorado
859,Abramo,alvarez,37000.00,FR5678G,EconomyClass,En Horario
324,Ad,Zuniga,33000.00,BA2491A,EconomyClass,Aterrizado
246,Adam,Dominguez,20000.00,TU6789B,ExecutiveClass,Aterrizado
418,Addia,Molina,20000.00,TU6789B,EconomyClass,Aterrizado
172,Addy,Campos,33000.00,IB0800A,EconomyClass,Aterrizado
227,Adel,Rodriguez,30000.00,TU6789B,FirstClass,Aterrizado
788,Adelaida,Bravo,37000.00,FR5678G,ExecutiveClass,En Horario
835,Adelle,Donoso,10000.00,FR5678G,EconomyClass,En Horario
577,Adrianne,Bustos,10000.00,HY4567D,FirstClass,Demorado
225,Adriano,Gonzalez,33000.00,TU6789B,FirstClass,Aterrizado
556,Aeriela,Saavedra,37000.00,GU2345F,EconomyClass,En Vuelo
390,Ag,Flores,50000.00,TU6789B,EconomyClass,Aterrizado
10,Aggie,Sepulveda,15000.00,BA2491A,FirstClass,Aterrizado
813,Agnes,Yanez,42000.00,FR5678G,EconomyClass,En Horario
948,Agustin,Maldonado,25000.00,BR3456J,EconomyClass,Demorado
200,Alana,Zuniga,30000.00,BA2491A,EconomyClass,Aterrizado
197,Alasteir,Valdes,20000.00,BA2491A,ExecutiveClass,Aterrizado
279,Alberik,Ramirez,50000.00,TU6789B,ExecutiveClass,Aterrizado
345,Aldric,Guerrero,50000.00,TU6789B,EconomyClass,Aterrizado
99,Aleda,Farias,50000.00,IB0800A,ExecutiveClass,Aterrizado
975,Aleksandr,Perez,42000.00,IB0800A,EconomyClass,Aterrizado
450,Alexandr,Godoy,18000.00,GU2345F,ExecutiveClass,En Vuelo
241,Alexandra,Romero,42000.00,TU6789B,FirstClass,Aterrizado
39,Alfredo,Rivera,10000.00,MM0987B,FirstClass,En Horario
772,Alica,Vasquez,37000.00,FR5678G,ExecutiveClass,En Horario
382,Alister,Sepulveda,33000.00,BA2491A,EconomyClass,Aterrizado
232,Alla,Gomez,30000.00,BA2491A,EconomyClass,Aterrizado
806,Almira,Aguilera,42000.00,FR5678G,EconomyClass,En Horario
864,Alonzo,Navarro,12000.00,FR5678G,EconomyClass,En Horario
703,Alverta,Pino,25000.00,HY4567D,EconomyClass,Demorado
918,Alysia,Orellana,37000.00,MM0987B,EconomyClass,En Horario
850,Amanda,Sanchez,37000.00,FR5678G,EconomyClass,En Horario
754,Amber,Sepulveda,42000.00,FR5678G,FirstClass,En Horario
42,Ame,Garcia,50000.00,BA2491A,ExecutiveClass,Aterrizado
405,Amerigo,Gomez,33000.00,TU6789B,EconomyClass,Aterrizado
236,Anastasia,Hernandez,18000.00,BA2491A,EconomyClass,Aterrizado
825,Andrei,Bustos,10000.00,FR5678G,EconomyClass,En Horario
753,Andrej,Martinez,50000.00,FR5678G,FirstClass,En Horario
372,Andy,Ramos,37000.00,TU6789B,EconomyClass,Aterrizado
913,Anetta,Vera,10000.00,MM0987B,EconomyClass,En Horario
827,Angeli,Pino,20000.00,FR5678G,EconomyClass,En Horario
993,Angelia,Moreno,50000.00,MM0987B,EconomyClass,En Horario
316,Angelika,Caceres,50000.00,BA2491A,EconomyClass,Aterrizado
86,Angie,Sanhueza,20000.00,MM0987B,FirstClass,En Horario
389,Anna-maria,Araya,42000.00,TU6789B,EconomyClass,Aterrizado
583,Annabell,Carvajal,15000.00,HY4567D,FirstClass,Demorado
893,Annamarie,Castro,20000.00,FR5678G,EconomyClass,En Horario
964,Ansley,Venegas,37000.00,BR3456J,EconomyClass,Demorado
27,Anthea,alvarez,42000.00,MM0987B,FirstClass,En Horario
461,Anthia,Saez,37000.00,GU2345F,ExecutiveClass,En Vuelo
572,Antonella,Zuniga,15000.00,GU2345F,EconomyClass,En Vuelo
437,Any,Aravena,18000.00,GU2345F,FirstClass,En Vuelo
938,Arabel,Leiva,50000.00,IB0800A,EconomyClass,Aterrizado
752,Arch,Silva,33000.00,FR5678G,FirstClass,En Horario
266,Arel,Flores,30000.00,TU6789B,ExecutiveClass,Aterrizado
705,Ariella,Moreno,12000.00,HY4567D,EconomyClass,Demorado
670,Arlette,Orellana,30000.00,HY4567D,EconomyClass,Demorado
963,Arley,Ortega,33000.00,BR3456J,EconomyClass,Demorado
646,Arlie,Pizarro,42000.00,HY4567D,EconomyClass,Demorado
976,Arlina,Gomez,33000.00,IB0800A,EconomyClass,Aterrizado
146,Armand,Tapia,15000.00,IB0800A,EconomyClass,Aterrizado
457,Arnaldo,Moreno,10000.00,GU2345F,ExecutiveClass,En Vuelo
736,Arvie,Munoz,15000.00,IB0800A,EconomyClass,Aterrizado
604,Arvin,Gomez,50000.00,HY4567D,ExecutiveClass,Demorado
209,Asia,Moreno,37000.00,TU6789B,FirstClass,Aterrizado
996,Atalanta,Romero,37000.00,MM0987B,EconomyClass,En Horario
910,Atlante,Garcia,33000.00,MM0987B,EconomyClass,En Horario
221,Aylmer,Guerrero,33000.00,TU6789B,FirstClass,Aterrizado
152,Babbie,Vasquez,15000.00,IB0800A,EconomyClass,Aterrizado
557,Babbie,Navarro,15000.00,GU2345F,EconomyClass,En Vuelo
412,Babita,Figueroa,30000.00,TU6789B,EconomyClass,Aterrizado
886,Bailey,Flores,30000.00,FR5678G,EconomyClass,En Horario
403,Bar,Ramirez,20000.00,TU6789B,EconomyClass,Aterrizado
770,Barbey,Pizarro,20000.00,FR5678G,ExecutiveClass,En Horario
879,Barbey,Morales,12000.00,FR5678G,EconomyClass,En Horario
774,Barde,Fernandez,18000.00,FR5678G,ExecutiveClass,En Horario
393,Barret,Castillo,10000.00,MM0987B,ExecutiveClass,En Horario
285,Bartel,Jara,37000.00,TU6789B,ExecutiveClass,Aterrizado
486,Bartholomew,Moreno,33000.00,GU2345F,EconomyClass,En Vuelo
584,Basil,Navarrete,12000.00,HY4567D,FirstClass,Demorado
693,Baxy,Valdes,20000.00,HY4567D,EconomyClass,Demorado
844,Bella,San Martin,18000.00,FR5678G,EconomyClass,En Horario
20,Bellanca,Valenzuela,15000.00,BA2491A,FirstClass,Aterrizado
479,Benita,Perez,25000.00,GU2345F,EconomyClass,En Vuelo
408,Benson,Nunez,20000.00,TU6789B,EconomyClass,Aterrizado
148,Benton,Gutierrez,12000.00,IB0800A,EconomyClass,Aterrizado
968,Berenice,San Martin,10000.00,IB0800A,EconomyClass,Aterrizado
56,Bernardine,Garrido,33000.00,MM0987B,FirstClass,En Horario
609,Bernita,Diaz,15000.00,HY4567D,ExecutiveClass,Demorado
154,Bertine,Fernandez,25000.00,IB0800A,EconomyClass,Aterrizado
191,Bethina,Vazquez,15000.00,MM0987B,ExecutiveClass,En Horario
669,Beverlee,Sandoval,25000.00,HY4567D,EconomyClass,Demorado
499,Bibbie,Rojas,37000.00,GU2345F,EconomyClass,En Vuelo
240,Billie,Munoz,37000.00,TU6789B,FirstClass,Aterrizado
512,Bird,Torres,18000.00,MM0987B,EconomyClass,En Horario
265,Blair,Araya,50000.00,TU6789B,ExecutiveClass,Aterrizado
768,Blakeley,Gutierrez,18000.00,FR5678G,ExecutiveClass,En Horario
67,Blanch,Vazquez,15000.00,IB0800A,FirstClass,Aterrizado
21,Bobbye,Castillo,15000.00,BA2491A,FirstClass,Aterrizado
273,Bond,Castro,10000.00,TU6789B,ExecutiveClass,Aterrizado
331,Booth,Pino,15000.00,TU6789B,EconomyClass,Aterrizado
657,Boothe,Jara,12000.00,HY4567D,EconomyClass,Demorado
206,Borden,Medina,12000.00,TU6789B,FirstClass,Aterrizado
758,Boycie,Fuentes,18000.00,FR5678G,FirstClass,En Horario
3,Brade,Rojas,20000.00,MM0987B,FirstClass,En Horario
25,Braden,Castro,25000.00,MM0987B,FirstClass,En Horario
43,Bradney,Miranda,25000.00,BA2491A,ExecutiveClass,Aterrizado
980,Brana,Hernandez,10000.00,BA2491A,EconomyClass,Aterrizado
11,Brandea,Morales,15000.00,IB0800A,FirstClass,Aterrizado
173,Brandon,Sandoval,18000.00,IB0800A,EconomyClass,Aterrizado
846,Brendin,Fernandez,10000.00,FR5678G,EconomyClass,En Horario
602,Brian,Sanchez,20000.00,HY4567D,FirstClass,Demorado
434,Brietta,Aguilera,42000.00,GU2345F,FirstClass,En Vuelo
378,Brigg,Soto,10000.00,BA2491A,EconomyClass,Aterrizado
243,Brigham,Gutierrez,25000.00,TU6789B,ExecutiveClass,Aterrizado
564,Briney,Caceres,12000.00,GU2345F,EconomyClass,En Vuelo
908,Brittany,Figueroa,18000.00,MM0987B,EconomyClass,En Horario
41,Brnaba,Riquelme,30000.00,MM0987B,FirstClass,En Horario
310,Brnaba,Aguilera,37000.00,TU6789B,EconomyClass,Aterrizado
242,Broddie,Alonso,42000.00,TU6789B,ExecutiveClass,Aterrizado
14,Bronnie,Fuentes,20000.00,MM0987B,FirstClass,En Horario
478,Brooke,Sanchez,20000.00,GU2345F,EconomyClass,En Vuelo
138,Brynn,Fuentes,50000.00,BA2491A,ExecutiveClass,Aterrizado
767,Brynne,Reyes,18000.00,FR5678G,ExecutiveClass,En Horario
362,Buddy,Moreno,50000.00,TU6789B,EconomyClass,Aterrizado
534,Bunnie,Vergara,33000.00,GU2345F,EconomyClass,En Vuelo
681,Burgess,Navarro,12000.00,HY4567D,EconomyClass,Demorado
962,Burty,Toro,12000.00,BR3456J,EconomyClass,Demorado
153,Byram,Sanchez,42000.00,IB0800A,EconomyClass,Aterrizado
662,Byrom,Garcia,42000.00,HY4567D,EconomyClass,Demorado
603,Cahra,Perez,50000.00,HY4567D,ExecutiveClass,Demorado
244,Cal,Navarro,42000.00,TU6789B,ExecutiveClass,Aterrizado
830,Cale,Sanhueza,50000.00,FR5678G,EconomyClass,En Horario
883,Callida,Hernandez,33000.00,FR5678G,EconomyClass,En Horario
502,Callie,Soto,50000.00,GU2345F,EconomyClass,En Vuelo
931,Callie,Parra,10000.00,BR3456J,EconomyClass,Demorado
919,Calypso,Cardenas,12000.00,BR3456J,ExecutiveClass,Demorado
538,Caren,Garcia,12000.00,BA2491A,EconomyClass,Aterrizado
558,Caren,Aguilera,15000.00,GU2345F,EconomyClass,En Vuelo
427,Carine,Ortiz,33000.00,GU2345F,FirstClass,En Vuelo
353,Carita,Martinez,42000.00,TU6789B,EconomyClass,Aterrizado
666,Caritta,Molina,12000.00,HY4567D,EconomyClass,Demorado
741,Carleton,Torres,15000.00,FR5678G,FirstClass,En Horario
465,Carley,Bustamante,12000.00,GU2345F,ExecutiveClass,En Vuelo
108,Carlie,Gomez,10000.00,MM0987B,ExecutiveClass,En Horario
52,Carline,Olivares,12000.00,IB0800A,FirstClass,Aterrizado
466,Carlye,Toro,37000.00,GU2345F,ExecutiveClass,En Vuelo
571,Carma,Salinas,33000.00,GU2345F,EconomyClass,En Vuelo
749,Carola,Perez,10000.00,FR5678G,FirstClass,En Horario
936,Carolina,Caceres,33000.00,IB0800A,EconomyClass,Aterrizado
50,Carroll,Orellana,42000.00,IB0800A,FirstClass,Aterrizado
569,Carter,Valdes,33000.00,GU2345F,EconomyClass,En Vuelo
731,Cassandry,Ruiz,33000.00,IB0800A,EconomyClass,Aterrizado
349,Cassie,Gonzalez,50000.00,TU6789B,EconomyClass,Aterrizado
237,Cathleen,Diaz,10000.00,TU6789B,FirstClass,Aterrizado
164,Cathrin,Figueroa,30000.00,IB0800A,EconomyClass,Aterrizado
295,Catriona,Vega,42000.00,TU6789B,ExecutiveClass,Aterrizado
876,Cecil,Silva,37000.00,FR5678G,EconomyClass,En Horario
537,Ced,Riquelme,20000.00,BA2491A,EconomyClass,Aterrizado
59,Celene,Henriquez,50000.00,MM0987B,FirstClass,En Horario
652,Cesaro,Carrasco,30000.00,HY4567D,EconomyClass,Demorado
834,Chad,Alvarado,15000.00,FR5678G,EconomyClass,En Horario
291,Chalmers,Miranda,10000.00,BA2491A,EconomyClass,Aterrizado
268,Channa,Valenzuela,50000.00,TU6789B,ExecutiveClass,Aterrizado
397,Charil,Castro,33000.00,MM0987B,ExecutiveClass,En Horario
303,Charin,Ortiz,12000.00,TU6789B,EconomyClass,Aterrizado
314,Charisse,Vargas,50000.00,TU6789B,EconomyClass,Aterrizado
522,Charles,Pizarro,42000.00,GU2345F,EconomyClass,En Vuelo
969,Charlie,Gonzalez,50000.00,IB0800A,EconomyClass,Aterrizado
275,Charmian,alvarez,15000.00,TU6789B,ExecutiveClass,Aterrizado
740,Chen,Navarro,37000.00,FR5678G,FirstClass,En Horario
945,Cherice,Pena,15000.00,BR3456J,EconomyClass,Demorado
863,Cherish,Gutierrez,42000.00,FR5678G,EconomyClass,En Horario
117,Cherrita,Romero,33000.00,MM0987B,ExecutiveClass,En Horario
239,Chet,alvarez,42000.00,TU6789B,FirstClass,Aterrizado
990,Chiarra,Dominguez,18000.00,MM0987B,EconomyClass,En Horario
444,Chrissy,Ruiz,18000.00,GU2345F,ExecutiveClass,En Vuelo
292,Christiano,Bravo,50000.00,BA2491A,EconomyClass,Aterrizado
539,Christie,Miranda,18000.00,BA2491A,EconomyClass,Aterrizado
831,Christina,Carvajal,37000.00,FR5678G,EconomyClass,En Horario
469,Chrisy,Guerrero,15000.00,GU2345F,ExecutiveClass,En Vuelo
424,Chuck,Olivares,33000.00,GU2345F,FirstClass,En Vuelo
711,Cinda,Donoso,42000.00,HY4567D,EconomyClass,Demorado
127,Cindelyn,Rojas,12000.00,IB0800A,EconomyClass,Aterrizado
660,Cindi,Figueroa,12000.00,HY4567D,EconomyClass,Demorado
18,Cirillo,Flores,50000.00,MM0987B,FirstClass,En Horario
203,Cissiee,Lagos,18000.00,BA2491A,EconomyClass,Aterrizado
171,Clair,Vega,37000.00,IB0800A,EconomyClass,Aterrizado
413,Clair,Riquelme,42000.00,TU6789B,EconomyClass,Aterrizado
555,Clarice,Henriquez,33000.00,GU2345F,EconomyClass,En Vuelo
158,Clarie,Cortes,42000.00,IB0800A,EconomyClass,Aterrizado
294,Cleo,Molina,50000.00,BA2491A,EconomyClass,Aterrizado
949,Clerissa,Bustos,15000.00,BR3456J,EconomyClass,Demorado
368,Clywd,Navarro,33000.00,TU6789B,EconomyClass,Aterrizado
304,Coleman,Garrido,33000.00,TU6789B,EconomyClass,Aterrizado
429,Coleman,Salazar,25000.00,GU2345F,FirstClass,En Vuelo
475,Coletta,Rodriguez,50000.00,GU2345F,ExecutiveClass,En Vuelo
829,Conan,Moreno,20000.00,FR5678G,EconomyClass,En Horario
891,Conant,Reyes,37000.00,FR5678G,EconomyClass,En Horario
496,Conrado,Ramos,50000.00,GU2345F,EconomyClass,En Vuelo
520,Coop,Gutierrez,37000.00,GU2345F,EconomyClass,En Vuelo
592,Corabelle,Venegas,37000.00,HY4567D,FirstClass,Demorado
902,Coral,Cortes,18000.00,BR3456J,FirstClass,Demorado
140,Corbin,Torres,42000.00,BA2491A,ExecutiveClass,Aterrizado
12,Cordelie,Rodriguez,50000.00,IB0800A,FirstClass,Aterrizado
133,Cordy,Martinez,18000.00,BA2491A,ExecutiveClass,Aterrizado
141,Coreen,Araya,18000.00,IB0800A,EconomyClass,Aterrizado
55,Corina,Ortiz,37000.00,MM0987B,FirstClass,En Horario
600,Cornall,Lopez,18000.00,HY4567D,FirstClass,Demorado
333,Cornie,Moreno,15000.00,TU6789B,EconomyClass,Aterrizado
509,Cornie,Lopez,42000.00,MM0987B,EconomyClass,En Horario
576,Corrina,Maldonado,15000.00,HY4567D,FirstClass,Demorado
837,Corrina,Bustamante,50000.00,FR5678G,EconomyClass,En Horario
301,Cos,Alarcon,30000.00,TU6789B,EconomyClass,Aterrizado
379,Crawford,Contreras,12000.00,BA2491A,EconomyClass,Aterrizado
73,Cristi,Valdes,42000.00,IB0800A,FirstClass,Aterrizado
36,Cristie,Nunez,10000.00,BA2491A,FirstClass,Aterrizado
74,Cristie,Vidal,25000.00,IB0800A,ExecutiveClass,Aterrizado
725,Cristina,Martinez,15000.00,IB0800A,EconomyClass,Aterrizado
68,Cristobal,Caceres,15000.00,IB0800A,FirstClass,Aterrizado
783,Crosby,Rivera,12000.00,FR5678G,ExecutiveClass,En Horario
914,Curry,Molina,20000.00,MM0987B,EconomyClass,En Horario
594,Cyndia,Mendoza,33000.00,HY4567D,FirstClass,Demorado
817,Cynthia,Valdes,25000.00,FR5678G,EconomyClass,En Horario
800,Daffi,Garrido,12000.00,FR5678G,ExecutiveClass,En Horario
49,Dagmar,Sandoval,25000.00,IB0800A,FirstClass,Aterrizado
374,Dalis,Munoz,42000.00,TU6789B,EconomyClass,Aterrizado
654,Damara,Cortes,12000.00,HY4567D,EconomyClass,Demorado
132,Dante,Silva,30000.00,BA2491A,ExecutiveClass,Aterrizado
517,Danya,Castillo,25000.00,GU2345F,EconomyClass,En Vuelo
166,Darleen,Garcia,42000.00,IB0800A,EconomyClass,Aterrizado
723,Darlene,Rodriguez,42000.00,IB0800A,EconomyClass,Aterrizado
213,Darwin,Saez,18000.00,TU6789B,FirstClass,Aterrizado
529,Daveta,Gomez,20000.00,GU2345F,EconomyClass,En Vuelo
308,Davide,Saavedra,42000.00,TU6789B,EconomyClass,Aterrizado
763,Davidson,Espinoza,37000.00,FR5678G,FirstClass,En Horario
443,Davon,Escobar,20000.00,GU2345F,ExecutiveClass,En Vuelo
988,Dawn,Navarro,37000.00,BA2491A,EconomyClass,Aterrizado
297,Ddene,Sandoval,12000.00,TU6789B,ExecutiveClass,Aterrizado
997,De witt,Alonso,12000.00,MM0987B,EconomyClass,En Horario
932,Debby,Romero,18000.00,IB0800A,EconomyClass,Aterrizado
606,Dedie,Jimenez,33000.00,HY4567D,ExecutiveClass,Demorado
61,Deeyn,Navarro,20000.00,MM0987B,FirstClass,En Horario
580,Delaney,Palma,50000.00,HY4567D,FirstClass,Demorado
955,Delila,Carvajal,20000.00,MM0987B,EconomyClass,En Horario
536,Delmar,Figueroa,42000.00,BA2491A,EconomyClass,Aterrizado
552,Delmore,Garrido,33000.00,GU2345F,EconomyClass,En Vuelo
386,Demeter,Fuentes,10000.00,TU6789B,EconomyClass,Aterrizado
369,Deni,Torres,42000.00,TU6789B,EconomyClass,Aterrizado
416,Dennie,Bravo,42000.00,TU6789B,EconomyClass,Aterrizado
533,Dennison,Jara,25000.00,GU2345F,EconomyClass,En Vuelo
541,Deny,Vera,18000.00,GU2345F,EconomyClass,En Vuelo
103,Desiri,Rodriguez,25000.00,MM0987B,ExecutiveClass,En Horario
170,Devi,Molina,25000.00,IB0800A,EconomyClass,Aterrizado
892,Devland,Gutierrez,10000.00,FR5678G,EconomyClass,En Horario
857,Devlen,Diaz,37000.00,FR5678G,EconomyClass,En Horario
687,Devondra,Vazquez,10000.00,HY4567D,EconomyClass,Demorado
865,Devonna,Torres,18000.00,FR5678G,EconomyClass,En Horario
797,Diahann,Alarcon,33000.00,FR5678G,ExecutiveClass,En Horario
145,Dianna,Castillo,20000.00,IB0800A,EconomyClass,Aterrizado
167,Didi,Miranda,15000.00,IB0800A,EconomyClass,Aterrizado
545,Domini,Sandoval,18000.00,GU2345F,EconomyClass,En Vuelo
66,Dominica,Vargas,33000.00,IB0800A,FirstClass,Aterrizado
110,Dominick,Jimenez,30000.00,IB0800A,ExecutiveClass,Aterrizado
336,Dominique,Navarrete,37000.00,TU6789B,EconomyClass,Aterrizado
245,Donal,Torres,18000.00,TU6789B,ExecutiveClass,Aterrizado
320,Donaugh,Ruiz,12000.00,BA2491A,EconomyClass,Aterrizado
934,Dorette,Vargas,37000.00,IB0800A,EconomyClass,Aterrizado
755,Dorian,Morales,15000.00,FR5678G,FirstClass,En Horario
28,Doro,Vasquez,33000.00,IB0800A,FirstClass,Aterrizado
623,Dorotea,Rojas,10000.00,HY4567D,ExecutiveClass,Demorado
489,Dorothea,Romero,15000.00,GU2345F,EconomyClass,En Vuelo
658,Dorrie,Vergara,42000.00,HY4567D,EconomyClass,Demorado
150,Dot,Pizarro,18000.00,IB0800A,EconomyClass,Aterrizado
247,Dotty,Vazquez,42000.00,TU6789B,ExecutiveClass,Aterrizado
276,Dru,Vasquez,50000.00,TU6789B,ExecutiveClass,Aterrizado
288,Dudley,Figueroa,42000.00,BA2491A,EconomyClass,Aterrizado
289,Dulcea,Riquelme,25000.00,BA2491A,EconomyClass,Aterrizado
272,Duncan,Gutierrez,37000.00,TU6789B,ExecutiveClass,Aterrizado
135,Dunstan,Morales,20000.00,BA2491A,ExecutiveClass,Aterrizado
567,Dur,Escobar,25000.00,GU2345F,EconomyClass,En Vuelo
217,Dwight,Bustamante,42000.00,TU6789B,FirstClass,Aterrizado
274,Dyann,Pizarro,50000.00,TU6789B,ExecutiveClass,Aterrizado
596,Dylan,San Martin,30000.00,HY4567D,FirstClass,Demorado
598,Eachelle,Fernandez,37000.00,HY4567D,FirstClass,Demorado
33,Earle,Gomez,10000.00,BA2491A,FirstClass,Aterrizado
804,Earle,Saavedra,30000.00,FR5678G,ExecutiveClass,En Horario
398,Easter,Pizarro,30000.00,MM0987B,ExecutiveClass,En Horario
419,Ed,Vega,18000.00,TU6789B,EconomyClass,Aterrizado
525,Edan,Sanchez,20000.00,GU2345F,EconomyClass,En Vuelo
786,Edan,Garcia,50000.00,FR5678G,ExecutiveClass,En Horario
523,Eddy,alvarez,12000.00,GU2345F,EconomyClass,En Vuelo
332,Eden,Palma,18000.00,TU6789B,EconomyClass,Aterrizado
282,Edie,Cortes,25000.00,TU6789B,ExecutiveClass,Aterrizado
270,Edlin,Tapia,20000.00,TU6789B,ExecutiveClass,Aterrizado
952,Edwina,Palma,42000.00,MM0987B,EconomyClass,En Horario
810,Efrem,Vargas,20000.00,FR5678G,EconomyClass,En Horario
769,Egan,Castro,10000.00,FR5678G,ExecutiveClass,En Horario
198,Eleonora,Vidal,42000.00,BA2491A,EconomyClass,Aterrizado
642,Elinor,Tapia,33000.00,HY4567D,EconomyClass,Demorado
199,Eliot,Salinas,12000.00,BA2491A,EconomyClass,Aterrizado
716,Elita,Venegas,18000.00,IB0800A,EconomyClass,Aterrizado
808,Emanuel,Romero,30000.00,FR5678G,EconomyClass,En Horario
591,Emlyn,Ortega,50000.00,HY4567D,FirstClass,Demorado
601,Emmalee,Martinez,18000.00,HY4567D,FirstClass,Demorado
799,Emmaline,Ortiz,37000.00,FR5678G,ExecutiveClass,En Horario
867,Emmanuel,Vazquez,30000.00,FR5678G,EconomyClass,En Horario
730,Emmet,Jimenez,37000.00,IB0800A,EconomyClass,Aterrizado
433,Emmit,Navarro,12000.00,GU2345F,FirstClass,En Vuelo
278,Emory,Fernandez,15000.00,TU6789B,ExecutiveClass,Aterrizado
930,Emory,Aguilera,37000.00,BR3456J,EconomyClass,Demorado
732,Enrica,Hernandez,18000.00,IB0800A,EconomyClass,Aterrizado
223,Enrico,Farias,50000.00,TU6789B,FirstClass,Aterrizado
518,Erda,Tapia,37000.00,GU2345F,EconomyClass,En Vuelo
473,Erek,Gonzalez,10000.00,GU2345F,ExecutiveClass,En Vuelo
696,Erhard,Zuniga,33000.00,HY4567D,EconomyClass,Demorado
184,Eric,Saavedra,50000.00,MM0987B,ExecutiveClass,En Horario
562,Erica,Vargas,10000.00,GU2345F,EconomyClass,En Vuelo
985,Erna,Romero,33000.00,BA2491A,EconomyClass,Aterrizado
17,Ernesta,Araya,37000.00,BA2491A,FirstClass,Aterrizado
309,Ernestus,Navarro,12000.00,TU6789B,EconomyClass,Aterrizado
102,Ertha,Fernandez,10000.00,IB0800A,ExecutiveClass,Aterrizado
399,Esdras,alvarez,37000.00,MM0987B,ExecutiveClass,En Horario
967,Esme,Farias,37000.00,BR3456J,EconomyClass,Demorado
125,Esteban,Gonzalez,15000.00,IB0800A,EconomyClass,Aterrizado
847,Estella,Rodriguez,42000.00,FR5678G,EconomyClass,En Horario
874,Estella,Soto,20000.00,FR5678G,EconomyClass,En Horario
648,Ethan,Vasquez,12000.00,HY4567D,EconomyClass,Demorado
519,Ethe,Reyes,20000.00,GU2345F,EconomyClass,En Vuelo
22,Eugene,Tapia,50000.00,BA2491A,FirstClass,Aterrizado
853,Eve,Martin,12000.00,FR5678G,EconomyClass,En Horario
527,Eveline,Ramirez,37000.00,GU2345F,EconomyClass,En Vuelo
699,Evelyn,Lagos,10000.00,HY4567D,EconomyClass,Demorado
613,Evin,Romero,12000.00,HY4567D,ExecutiveClass,Demorado
733,Evvy,Diaz,42000.00,IB0800A,EconomyClass,Aterrizado
923,Ezekiel,Ortiz,20000.00,BR3456J,ExecutiveClass,Demorado
860,Fair,Munoz,37000.00,FR5678G,EconomyClass,En Horario
319,Fan,Escobar,18000.00,BA2491A,EconomyClass,Aterrizado
192,Farand,Caceres,42000.00,MM0987B,ExecutiveClass,En Horario
169,Farley,Vera,12000.00,IB0800A,EconomyClass,Aterrizado
787,Fayre,Miranda,18000.00,FR5678G,ExecutiveClass,En Horario
436,Felicdad,Romero,18000.00,GU2345F,FirstClass,En Vuelo
647,Felike,alvarez,12000.00,HY4567D,EconomyClass,Demorado
781,Felike,Jara,33000.00,FR5678G,ExecutiveClass,En Horario
986,Ferd,Alonso,25000.00,BA2491A,EconomyClass,Aterrizado
161,Ferdie,Jara,15000.00,IB0800A,EconomyClass,Aterrizado
410,Fidelia,Vergara,12000.00,TU6789B,EconomyClass,Aterrizado
612,Fidole,Munoz,30000.00,HY4567D,ExecutiveClass,Demorado
338,Filbert,Alvarado,20000.00,TU6789B,EconomyClass,Aterrizado
656,Filmer,Nunez,50000.00,HY4567D,EconomyClass,Demorado
718,Fina,Mendoza,42000.00,IB0800A,EconomyClass,Aterrizado
889,Flo,Castillo,42000.00,FR5678G,EconomyClass,En Horario
144,Flora,Valenzuela,33000.00,IB0800A,EconomyClass,Aterrizado
680,Flore,Saavedra,30000.00,HY4567D,EconomyClass,Demorado
789,Florella,Vera,25000.00,FR5678G,ExecutiveClass,En Horario
342,Floria,Toro,12000.00,TU6789B,EconomyClass,Aterrizado
575,Florida,Lagos,37000.00,HY4567D,FirstClass,Demorado
957,Floyd,Saez,15000.00,MM0987B,EconomyClass,En Horario
126,Fonzie,Munoz,15000.00,IB0800A,EconomyClass,Aterrizado
380,Fran,Silva,30000.00,BA2491A,EconomyClass,Aterrizado
313,Franchot,Aravena,12000.00,TU6789B,EconomyClass,Aterrizado
785,Francine,Riquelme,42000.00,FR5678G,ExecutiveClass,En Horario
371,Franni,Vazquez,42000.00,TU6789B,EconomyClass,Aterrizado
31,Franny,Ramirez,15000.00,IB0800A,FirstClass,Aterrizado
535,Frans,Rivera,33000.00,BA2491A,EconomyClass,Aterrizado
895,Frasquito,alvarez,15000.00,FR5678G,EconomyClass,En Horario
411,Frayda,Rivera,30000.00,TU6789B,EconomyClass,Aterrizado
805,Fred,Navarro,25000.00,FR5678G,EconomyClass,En Horario
905,Freda,Jara,42000.00,BR3456J,FirstClass,Demorado
114,Freddie,Moreno,12000.00,IB0800A,ExecutiveClass,Aterrizado
497,Fredia,Gonzalez,30000.00,GU2345F,EconomyClass,En Vuelo
614,Fredia,Alonso,20000.00,HY4567D,ExecutiveClass,Demorado
406,Fredric,Cortes,50000.00,TU6789B,EconomyClass,Aterrizado
64,Gabbey,Romero,37000.00,MM0987B,FirstClass,En Horario
894,Gabbie,Pizarro,42000.00,FR5678G,EconomyClass,En Horario
501,Gabi,Perez,30000.00,GU2345F,EconomyClass,En Vuelo
897,Gabriell,Sanchez,10000.00,FR5678G,EconomyClass,En Horario
394,Gaelan,Tapia,25000.00,MM0987B,ExecutiveClass,En Horario
677,Galen,Salazar,50000.00,HY4567D,EconomyClass,Demorado
761,Galvan,Araya,33000.00,FR5678G,FirstClass,En Horario
438,Gardie,Vargas,12000.00,GU2345F,FirstClass,En Vuelo
440,Garold,Caceres,20000.00,GU2345F,FirstClass,En Vuelo
551,Gauthier,Ortiz,12000.00,GU2345F,EconomyClass,En Vuelo
107,Gaven,Perez,10000.00,MM0987B,ExecutiveClass,En Horario
29,Gaye,Sanchez,37000.00,IB0800A,FirstClass,Aterrizado
385,Gayel,Lopez,20000.00,TU6789B,EconomyClass,Aterrizado
6,Gayle,Soto,30000.00,MM0987B,FirstClass,En Horario
542,Gene,Molina,15000.00,GU2345F,EconomyClass,En Vuelo
104,Geneva,Lopez,33000.00,MM0987B,ExecutiveClass,En Horario
981,Genevieve,Diaz,20000.00,BA2491A,EconomyClass,Aterrizado
344,Genevra,Venegas,10000.00,TU6789B,EconomyClass,Aterrizado
88,George,Navarrete,30000.00,MM0987B,ExecutiveClass,En Horario
383,George,Morales,15000.00,TU6789B,EconomyClass,Aterrizado
100,Georgeta,San Martin,10000.00,IB0800A,ExecutiveClass,Aterrizado
852,Giacopo,Gomez,18000.00,FR5678G,EconomyClass,En Horario
849,Gibb,Martinez,20000.00,FR5678G,EconomyClass,En Horario
136,Gideon,Rodriguez,15000.00,BA2491A,ExecutiveClass,Aterrizado
961,Ginnie,Bustamante,15000.00,BR3456J,EconomyClass,Demorado
624,Giraud,Diaz,15000.00,HY4567D,ExecutiveClass,Demorado
119,Glenda,Gutierrez,37000.00,MM0987B,ExecutiveClass,En Horario
290,Gordon,Garcia,25000.00,BA2491A,EconomyClass,Aterrizado
745,Gordon,Gonzalez,12000.00,FR5678G,FirstClass,En Horario
747,Graehme,Rojas,18000.00,FR5678G,FirstClass,En Horario
843,Grant,Farias,33000.00,FR5678G,EconomyClass,En Horario
595,Gray,Farias,42000.00,HY4567D,FirstClass,Demorado
793,Grayce,Sandoval,33000.00,FR5678G,ExecutiveClass,En Horario
498,Gretchen,Munoz,12000.00,GU2345F,EconomyClass,En Vuelo
920,Gretna,Olivares,42000.00,BR3456J,ExecutiveClass,Demorado
582,Grier,Sanhueza,42000.00,HY4567D,FirstClass,Demorado
89,Guenevere,Saez,30000.00,MM0987B,ExecutiveClass,En Horario
973,Guglielma,Martinez,15000.00,IB0800A,EconomyClass,Aterrizado
933,Gui,Aravena,20000.00,IB0800A,EconomyClass,Aterrizado
181,Guillaume,Salazar,37000.00,MM0987B,ExecutiveClass,En Horario
887,Guillermo,Espinoza,42000.00,FR5678G,EconomyClass,En Horario
147,Gustie,Reyes,42000.00,IB0800A,EconomyClass,Aterrizado
256,Gusty,Silva,10000.00,BA2491A,EconomyClass,Aterrizado
447,Guy,Salinas,42000.00,GU2345F,ExecutiveClass,En Vuelo
709,Hagan,Saez,50000.00,HY4567D,EconomyClass,Demorado
115,Harmon,alvarez,50000.00,IB0800A,ExecutiveClass,Aterrizado
653,Harmonia,Gomez,12000.00,HY4567D,EconomyClass,Demorado
794,Harv,Orellana,42000.00,FR5678G,ExecutiveClass,En Horario
838,Hashim,Toro,50000.00,FR5678G,EconomyClass,En Horario
928,Hayden,Saavedra,30000.00,BR3456J,EconomyClass,Demorado
587,Hayes,Donoso,10000.00,HY4567D,FirstClass,Demorado
351,Heddi,Rodriguez,20000.00,TU6789B,EconomyClass,Aterrizado
488,Hedvige,Munoz,37000.00,GU2345F,EconomyClass,En Vuelo
528,Helen-elizabeth,Carrasco,20000.00,GU2345F,EconomyClass,En Vuelo
546,Henrie,Orellana,50000.00,GU2345F,EconomyClass,En Vuelo
8,Henrieta,Silva,30000.00,IB0800A,FirstClass,Aterrizado
856,Henrieta,Hernandez,30000.00,FR5678G,EconomyClass,En Horario
974,Herrick,Sanchez,30000.00,IB0800A,EconomyClass,Aterrizado
796,Hersh,Olivares,33000.00,FR5678G,ExecutiveClass,En Horario
560,Hesther,Romero,15000.00,GU2345F,EconomyClass,En Vuelo
589,Hesther,Bustamante,33000.00,HY4567D,FirstClass,Demorado
622,Hestia,Munoz,18000.00,HY4567D,ExecutiveClass,Demorado
616,Hetti,Navarro,30000.00,HY4567D,ExecutiveClass,Demorado
323,Hilary,Salinas,37000.00,BA2491A,EconomyClass,Aterrizado
455,Hilly,Pino,30000.00,GU2345F,ExecutiveClass,En Vuelo
235,Hiram,Ruiz,20000.00,BA2491A,EconomyClass,Aterrizado
862,Holden,Alonso,50000.00,FR5678G,EconomyClass,En Horario
57,Homer,Salazar,18000.00,MM0987B,FirstClass,En Horario
526,Homer,Fernandez,10000.00,GU2345F,EconomyClass,En Vuelo
360,Honor,Hernandez,30000.00,TU6789B,EconomyClass,Aterrizado
585,Horatius,Saez,18000.00,HY4567D,FirstClass,Demorado
599,Howard,Rodriguez,18000.00,HY4567D,FirstClass,Demorado
650,Hugo,Fernandez,30000.00,HY4567D,EconomyClass,Demorado
377,Hussein,Perez,25000.00,BA2491A,EconomyClass,Aterrizado
717,Hyacinthia,Guerrero,25000.00,IB0800A,EconomyClass,Aterrizado
53,Hyacinthie,Alarcon,15000.00,MM0987B,FirstClass,En Horario
818,Hyatt,Vidal,20000.00,FR5678G,EconomyClass,En Horario
186,Ian,Aguilera,42000.00,MM0987B,ExecutiveClass,En Horario
615,Idalina,Gutierrez,50000.00,HY4567D,ExecutiveClass,Demorado
675,Immanuel,Ortiz,33000.00,HY4567D,EconomyClass,Demorado
778,Ingmar,Cortes,18000.00,FR5678G,ExecutiveClass,En Horario
370,Ingrim,Dominguez,30000.00,TU6789B,EconomyClass,Aterrizado
396,Iorgos,Gutierrez,18000.00,MM0987B,ExecutiveClass,En Horario
510,Irena,Fuentes,20000.00,MM0987B,EconomyClass,En Horario
842,Irv,Mendoza,15000.00,FR5678G,EconomyClass,En Horario
944,Isabeau,Zuniga,37000.00,BA2491A,EconomyClass,Aterrizado
356,Isabelle,Gomez,20000.00,TU6789B,EconomyClass,Aterrizado
597,Isabelle,Gonzalez,20000.00,HY4567D,FirstClass,Demorado
334,Isak,Sanhueza,20000.00,TU6789B,EconomyClass,Aterrizado
16,Iver,Torres,12000.00,BA2491A,FirstClass,Aterrizado
631,Ivonne,Morales,20000.00,HY4567D,ExecutiveClass,Demorado
305,Jacinda,Salazar,50000.00,TU6789B,EconomyClass,Aterrizado
98,Jacquelin,Mendoza,30000.00,IB0800A,ExecutiveClass,Aterrizado
671,Jacqueline,Cardenas,50000.00,HY4567D,EconomyClass,Demorado
885,Jan,Araya,18000.00,FR5678G,EconomyClass,En Horario
346,Janeta,Mendoza,10000.00,TU6789B,EconomyClass,Aterrizado
524,Janey,Vasquez,42000.00,GU2345F,EconomyClass,En Vuelo
801,Janine,Salazar,50000.00,FR5678G,ExecutiveClass,En Horario
683,Jaquenette,Parra,25000.00,HY4567D,EconomyClass,Demorado
998,Jaye,Gutierrez,25000.00,MM0987B,EconomyClass,En Horario
9,Jeanine,Martinez,18000.00,MM0987B,FirstClass,En Horario
348,Jefferey,San Martin,33000.00,TU6789B,EconomyClass,Aterrizado
822,Jefferey,Godoy,10000.00,FR5678G,EconomyClass,En Horario
35,Jehanna,Herrera,50000.00,BA2491A,FirstClass,Aterrizado
228,Jeniece,Lopez,15000.00,TU6789B,FirstClass,Aterrizado
143,Jenna,Espinoza,25000.00,IB0800A,EconomyClass,Aterrizado
251,Jenna,Rojas,30000.00,TU6789B,ExecutiveClass,Aterrizado
720,Jennie,San Martin,42000.00,IB0800A,EconomyClass,Aterrizado
422,Jennifer,Orellana,15000.00,GU2345F,FirstClass,En Vuelo
765,Jenny,Castillo,33000.00,FR5678G,ExecutiveClass,En Horario
792,Jermayne,Campos,33000.00,FR5678G,ExecutiveClass,En Horario
714,Jerrylee,Toro,10000.00,HY4567D,EconomyClass,Demorado
559,Jessamine,Parra,18000.00,GU2345F,EconomyClass,En Vuelo
249,Jessee,Gonzalez,30000.00,TU6789B,ExecutiveClass,Aterrizado
80,Jesselyn,Maldonado,30000.00,IB0800A,ExecutiveClass,Aterrizado
204,Jillana,Maldonado,18000.00,BA2491A,EconomyClass,Aterrizado
935,Jillane,Vazquez,37000.00,IB0800A,EconomyClass,Aterrizado
722,Joannes,Fernandez,10000.00,IB0800A,EconomyClass,Aterrizado
286,Jodi,Vergara,30000.00,BA2491A,EconomyClass,Aterrizado
299,Jody,Cardenas,33000.00,TU6789B,EconomyClass,Aterrizado
87,Joelle,Carvajal,37000.00,MM0987B,FirstClass,En Horario
343,Johannes,Ortega,18000.00,TU6789B,EconomyClass,Aterrizado
113,Johnathon,Diaz,15000.00,IB0800A,ExecutiveClass,Aterrizado
137,Johnette,Lopez,10000.00,BA2491A,ExecutiveClass,Aterrizado
23,Johnny,Reyes,33000.00,MM0987B,FirstClass,En Horario
726,Jonathon,Sanchez,50000.00,IB0800A,EconomyClass,Aterrizado
425,Jordan,Alarcon,33000.00,GU2345F,FirstClass,En Vuelo
257,Jori,Martinez,12000.00,BA2491A,EconomyClass,Aterrizado
940,Josefina,Ruiz,30000.00,IB0800A,EconomyClass,Aterrizado
632,Josepha,Rodriguez,20000.00,HY4567D,EconomyClass,Demorado
493,Joshia,Torres,33000.00,GU2345F,EconomyClass,En Vuelo
608,Joshia,Hernandez,25000.00,HY4567D,ExecutiveClass,Demorado
880,Josi,Rodriguez,18000.00,FR5678G,EconomyClass,En Horario
983,Josi,alvarez,12000.00,BA2491A,EconomyClass,Aterrizado
261,Josiah,Lopez,10000.00,TU6789B,ExecutiveClass,Aterrizado
549,Josiah,Alarcon,12000.00,GU2345F,EconomyClass,En Vuelo
904,Josiah,Nunez,12000.00,BR3456J,FirstClass,Demorado
903,Judas,Herrera,10000.00,BR3456J,FirstClass,Demorado
751,Jude,Contreras,12000.00,FR5678G,FirstClass,En Horario
773,Juliana,Sanchez,50000.00,FR5678G,ExecutiveClass,En Horario
387,Juliann,Hernandez,50000.00,TU6789B,EconomyClass,Aterrizado
449,Julietta,Pena,42000.00,GU2345F,ExecutiveClass,En Vuelo
54,Julina,Gallardo,33000.00,MM0987B,FirstClass,En Horario
364,Junie,Munoz,20000.00,TU6789B,EconomyClass,Aterrizado
695,Justino,Salinas,18000.00,HY4567D,EconomyClass,Demorado
735,Kaia,alvarez,25000.00,IB0800A,EconomyClass,Aterrizado
219,Kaile,Ortega,33000.00,TU6789B,FirstClass,Aterrizado
756,Kaitlynn,Rodriguez,15000.00,FR5678G,FirstClass,En Horario
719,Kamila,Farias,42000.00,IB0800A,EconomyClass,Aterrizado
459,Karen,Carvajal,20000.00,GU2345F,ExecutiveClass,En Vuelo
504,Karie,Silva,25000.00,GU2345F,EconomyClass,En Vuelo
26,Karim,Pizarro,25000.00,MM0987B,FirstClass,En Horario
252,Karlotte,Diaz,20000.00,BA2491A,EconomyClass,Aterrizado
966,Karon,Mendoza,10000.00,BR3456J,EconomyClass,Demorado
458,Kassi,Sanhueza,37000.00,GU2345F,ExecutiveClass,En Vuelo
32,Katey,Carrasco,42000.00,MM0987B,FirstClass,En Horario
668,Katina,Campos,20000.00,HY4567D,EconomyClass,Demorado
888,Katlin,Valenzuela,25000.00,FR5678G,EconomyClass,En Horario
72,Katrine,Ruiz,25000.00,IB0800A,FirstClass,Aterrizado
423,Keelby,Cardenas,15000.00,GU2345F,FirstClass,En Vuelo
836,Keene,Poblete,25000.00,FR5678G,EconomyClass,En Horario
563,Keith,Vazquez,10000.00,GU2345F,EconomyClass,En Vuelo
737,Keith,Romero,20000.00,FR5678G,FirstClass,En Horario
428,Kelly,Garrido,37000.00,GU2345F,FirstClass,En Vuelo
468,Kendell,Venegas,25000.00,GU2345F,ExecutiveClass,En Vuelo
82,Kendre,Medina,25000.00,IB0800A,ExecutiveClass,Aterrizado
881,Kenna,Lopez,25000.00,FR5678G,EconomyClass,En Horario
667,Kennan,Vega,12000.00,HY4567D,EconomyClass,Demorado
757,Kerianne,Lopez,37000.00,FR5678G,FirstClass,En Horario
791,Ki,Vega,42000.00,FR5678G,ExecutiveClass,En Horario
898,Ki,Fernandez,30000.00,BR3456J,FirstClass,Demorado
277,Kiel,Sanchez,50000.00,TU6789B,ExecutiveClass,Aterrizado
105,Kilian,Martinez,42000.00,MM0987B,ExecutiveClass,En Horario
4,Kimbell,Diaz,50000.00,BA2491A,FirstClass,Aterrizado
7,Kimberlee,Contreras,33000.00,BA2491A,FirstClass,Aterrizado
946,Kimberley,Godoy,18000.00,BR3456J,EconomyClass,Demorado
159,Kipp,Herrera,15000.00,IB0800A,EconomyClass,Aterrizado
617,Kirk,Torres,30000.00,HY4567D,ExecutiveClass,Demorado
965,Kirstin,Guerrero,12000.00,BR3456J,EconomyClass,Demorado
728,Klara,Gomez,50000.00,IB0800A,EconomyClass,Aterrizado
366,Klarrisa,Alonso,18000.00,TU6789B,EconomyClass,Aterrizado
280,Koenraad,Carrasco,20000.00,TU6789B,ExecutiveClass,Aterrizado
454,Korella,Medina,33000.00,GU2345F,ExecutiveClass,En Vuelo
60,Kori,Saavedra,50000.00,MM0987B,FirstClass,En Horario
691,Krishna,Escobar,50000.00,HY4567D,EconomyClass,Demorado
690,Krystyna,Leiva,50000.00,HY4567D,EconomyClass,Demorado
354,Kurtis,Sanchez,50000.00,TU6789B,EconomyClass,Aterrizado
81,Kylila,Bustos,12000.00,IB0800A,ExecutiveClass,Aterrizado
484,Kym,Hernandez,20000.00,GU2345F,EconomyClass,En Vuelo
95,Kyrstin,Ortega,37000.00,IB0800A,ExecutiveClass,Aterrizado
953,Lacey,Moreno,50000.00,MM0987B,EconomyClass,En Horario
954,Laetitia,Sanhueza,33000.00,MM0987B,EconomyClass,En Horario
673,Lambert,Alarcon,42000.00,HY4567D,EconomyClass,Demorado
674,Lamont,Gallardo,33000.00,HY4567D,EconomyClass,Demorado
271,Larina,Reyes,18000.00,TU6789B,ExecutiveClass,Aterrizado
782,Laughton,Vergara,15000.00,FR5678G,ExecutiveClass,En Horario
803,Lazaro,Henriquez,10000.00,FR5678G,ExecutiveClass,En Horario
238,Leeanne,Moreno,15000.00,TU6789B,FirstClass,Aterrizado
456,Leeanne,Palma,10000.00,GU2345F,ExecutiveClass,En Vuelo
439,Leelah,Vazquez,25000.00,GU2345F,FirstClass,En Vuelo
815,Lefty,Escobar,50000.00,FR5678G,EconomyClass,En Horario
296,Leigh,Campos,37000.00,TU6789B,ExecutiveClass,Aterrizado
566,Lemmie,Leiva,18000.00,GU2345F,EconomyClass,En Vuelo
149,Lena,Castro,25000.00,IB0800A,EconomyClass,Aterrizado
312,Lenci,Romero,42000.00,TU6789B,EconomyClass,Aterrizado
448,Lenora,Zuniga,18000.00,GU2345F,ExecutiveClass,En Vuelo
909,Leo,Riquelme,42000.00,MM0987B,EconomyClass,En Horario
160,Leonie,Nunez,50000.00,IB0800A,EconomyClass,Aterrizado
83,Lesya,Pino,15000.00,IB0800A,ExecutiveClass,Aterrizado
776,Letta,Carrasco,10000.00,FR5678G,ExecutiveClass,En Horario
854,Levon,Jimenez,25000.00,FR5678G,EconomyClass,En Horario
706,Lia,Sanhueza,20000.00,HY4567D,EconomyClass,Demorado
230,Liana,Sanchez,33000.00,TU6789B,FirstClass,Aterrizado
464,Liana,Poblete,15000.00,GU2345F,ExecutiveClass,En Vuelo
58,Lianna,Guzman,12000.00,MM0987B,FirstClass,En Horario
979,Libbey,Ruiz,42000.00,BA2491A,EconomyClass,Aterrizado
508,Lin,Rodriguez,12000.00,MM0987B,EconomyClass,En Horario
326,Lina,Godoy,12000.00,TU6789B,EconomyClass,Aterrizado
122,Linda,Dominguez,30000.00,IB0800A,ExecutiveClass,Aterrizado
481,Lionello,Martin,37000.00,GU2345F,EconomyClass,En Vuelo
337,Lira,Saez,30000.00,TU6789B,EconomyClass,Aterrizado
620,Lissy,Ramos,37000.00,HY4567D,ExecutiveClass,Demorado
395,Livy,Reyes,20000.00,MM0987B,ExecutiveClass,En Horario
168,Lodovico,Bravo,18000.00,IB0800A,EconomyClass,Aterrizado
884,Lona,Torres,30000.00,FR5678G,EconomyClass,En Horario
950,Lonna,Medina,10000.00,BR3456J,EconomyClass,Demorado
46,Lonnard,Molina,50000.00,IB0800A,FirstClass,Aterrizado
92,Lonni,Poblete,50000.00,MM0987B,ExecutiveClass,En Horario
175,Lorant,Cardenas,50000.00,MM0987B,ExecutiveClass,En Horario
120,Lorettalorna,Navarro,25000.00,MM0987B,ExecutiveClass,En Horario
943,Loria,Salinas,25000.00,IB0800A,EconomyClass,Aterrizado
795,Lorianna,Cardenas,15000.00,FR5678G,ExecutiveClass,En Horario
513,Lorna,Araya,42000.00,MM0987B,EconomyClass,En Horario
420,Lothaire,Campos,12000.00,TU6789B,EconomyClass,Aterrizado
506,Lothaire,Sepulveda,20000.00,GU2345F,EconomyClass,En Vuelo
0,Lou,Gonzalez,10000.00,BA2491A,FirstClass,Aterrizado
182,Loutitia,Guzman,25000.00,MM0987B,ExecutiveClass,En Horario
63,Loy,Parra,15000.00,MM0987B,FirstClass,En Horario
554,Lucais,Guzman,42000.00,GU2345F,EconomyClass,En Vuelo
762,Lucienne,Flores,25000.00,FR5678G,FirstClass,En Horario
715,Lucky,Ortega,42000.00,IB0800A,EconomyClass,Aterrizado
917,Luis,Sandoval,12000.00,MM0987B,EconomyClass,En Horario
607,Lydia,Ruiz,15000.00,HY4567D,ExecutiveClass,Demorado
619,Lyndsay,Vazquez,42000.00,HY4567D,ExecutiveClass,Demorado
630,Lyndy,Sepulveda,37000.00,HY4567D,ExecutiveClass,Demorado
179,Lynea,Ortiz,20000.00,MM0987B,ExecutiveClass,En Horario
553,Lynett,Salazar,37000.00,GU2345F,EconomyClass,En Vuelo
906,Lynn,Vergara,37000.00,BR3456J,ExecutiveClass,Demorado
588,Lynnette,Poblete,37000.00,HY4567D,FirstClass,Demorado
548,Mab,Olivares,25000.00,GU2345F,EconomyClass,En Vuelo
460,Mac,Navarrete,20000.00,GU2345F,ExecutiveClass,En Vuelo
877,Mac,Martinez,25000.00,FR5678G,EconomyClass,En Horario
629,Mace,Martinez,18000.00,HY4567D,ExecutiveClass,Demorado
207,Maddie,Pino,33000.00,TU6789B,FirstClass,Aterrizado
628,Maddy,Silva,25000.00,HY4567D,ExecutiveClass,Demorado
655,Maddy,Herrera,25000.00,HY4567D,EconomyClass,Demorado
890,Madel,Tapia,12000.00,FR5678G,EconomyClass,En Horario
872,Madonna,Diaz,10000.00,FR5678G,EconomyClass,En Horario
820,Mag,Zuniga,12000.00,FR5678G,EconomyClass,En Horario
641,Maia,Castillo,10000.00,HY4567D,EconomyClass,Demorado
189,Maible,Aravena,18000.00,MM0987B,ExecutiveClass,En Horario
350,Maiga,Fernandez,20000.00,TU6789B,EconomyClass,Aterrizado
644,Malachi,Gutierrez,25000.00,HY4567D,EconomyClass,Demorado
205,Mallorie,Bustos,30000.00,TU6789B,FirstClass,Aterrizado
869,Malory,Gonzalez,42000.00,FR5678G,EconomyClass,En Horario
97,Marcellus,Guerrero,50000.00,IB0800A,ExecutiveClass,Aterrizado
185,Marcellus,Navarro,30000.00,MM0987B,ExecutiveClass,En Horario
211,Marcile,Carvajal,30000.00,TU6789B,FirstClass,Aterrizado
101,Marcille,Gonzalez,10000.00,IB0800A,ExecutiveClass,Aterrizado
451,Margalit,Lagos,15000.00,GU2345F,ExecutiveClass,En Vuelo
44,Margarete,Bravo,50000.00,BA2491A,ExecutiveClass,Aterrizado
90,Margaretha,Alvarado,10000.00,MM0987B,ExecutiveClass,En Horario
543,Margeaux,Vega,18000.00,GU2345F,EconomyClass,En Vuelo
784,Marianne,Figueroa,33000.00,FR5678G,ExecutiveClass,En Horario
352,Marieann,Lopez,50000.00,TU6789B,EconomyClass,Aterrizado
477,Mariele,Martinez,33000.00,GU2345F,EconomyClass,En Vuelo
222,Marina,Mendoza,12000.00,TU6789B,FirstClass,Aterrizado
51,Marion,Cardenas,50000.00,IB0800A,FirstClass,Aterrizado
480,Marissa,Gomez,37000.00,GU2345F,EconomyClass,En Vuelo
547,Marj,Cardenas,18000.00,GU2345F,EconomyClass,En Vuelo
511,Markos,Hernandez,20000.00,MM0987B,EconomyClass,En Horario
231,Marmaduke,Perez,10000.00,BA2491A,EconomyClass,Aterrizado
462,Marsiella,Alvarado,20000.00,GU2345F,ExecutiveClass,En Vuelo
899,Martelle,Ramirez,15000.00,BR3456J,FirstClass,Demorado
505,Martguerita,Martinez,50000.00,GU2345F,EconomyClass,En Vuelo
96,Martino,Venegas,15000.00,IB0800A,ExecutiveClass,Aterrizado
947,Martyn,Lagos,25000.00,BR3456J,EconomyClass,Demorado
367,Maryellen,Gutierrez,37000.00,TU6789B,EconomyClass,Aterrizado
157,Maryjo,Gomez,12000.00,IB0800A,EconomyClass,Aterrizado
639,Marylee,Espinoza,50000.00,HY4567D,EconomyClass,Demorado
62,Marysa,Aguilera,20000.00,MM0987B,FirstClass,En Horario
712,Matelda,Poblete,18000.00,HY4567D,EconomyClass,Demorado
550,Mathe,Gallardo,12000.00,GU2345F,EconomyClass,En Vuelo
328,Matias,Maldonado,33000.00,TU6789B,EconomyClass,Aterrizado
911,Maurie,Miranda,50000.00,MM0987B,EconomyClass,En Horario
531,Maxi,Herrera,37000.00,GU2345F,EconomyClass,En Vuelo
995,Maxi,Munoz,18000.00,MM0987B,EconomyClass,En Horario
812,Maxy,Caceres,15000.00,FR5678G,EconomyClass,En Horario
248,Maynard,Ramos,18000.00,TU6789B,ExecutiveClass,Aterrizado
325,Maynord,Pena,42000.00,BA2491A,EconomyClass,Aterrizado
15,Megen,Hernandez,10000.00,BA2491A,FirstClass,Aterrizado
262,Melisa,Fuentes,12000.00,TU6789B,ExecutiveClass,Aterrizado
485,Melisse,Diaz,10000.00,GU2345F,EconomyClass,En Vuelo
178,Mellicent,Gallardo,50000.00,MM0987B,ExecutiveClass,En Horario
340,Melloney,Poblete,33000.00,TU6789B,EconomyClass,Aterrizado
929,Melody,Navarro,20000.00,BR3456J,EconomyClass,Demorado
744,Melonie,Ramos,33000.00,FR5678G,FirstClass,En Horario
779,Melva,Herrera,42000.00,FR5678G,ExecutiveClass,En Horario
626,Menard,Soto,37000.00,HY4567D,ExecutiveClass,Demorado
971,Mercedes,Rodriguez,12000.00,IB0800A,EconomyClass,Aterrizado
824,Mercie,Maldonado,42000.00,FR5678G,EconomyClass,En Horario
638,Merissa,Flores,25000.00,HY4567D,EconomyClass,Demorado
708,Merle,Navarrete,10000.00,HY4567D,EconomyClass,Demorado
259,Merrile,Morales,50000.00,BA2491A,EconomyClass,Aterrizado
151,Meryl,alvarez,12000.00,IB0800A,EconomyClass,Aterrizado
483,Micheil,Ruiz,37000.00,GU2345F,EconomyClass,En Vuelo
816,Michele,Ruiz,42000.00,FR5678G,EconomyClass,En Horario
407,Mikael,Herrera,50000.00,TU6789B,EconomyClass,Aterrizado
663,Millie,Miranda,15000.00,HY4567D,EconomyClass,Demorado
605,Minda,Martin,15000.00,HY4567D,ExecutiveClass,Demorado
426,Minnnie,Gallardo,20000.00,GU2345F,FirstClass,En Vuelo
492,Minny,Navarro,33000.00,GU2345F,EconomyClass,En Vuelo
494,Mirilla,Dominguez,30000.00,GU2345F,EconomyClass,En Vuelo
748,Mitchael,Diaz,33000.00,FR5678G,FirstClass,En Horario
568,Modesta,Ruiz,33000.00,GU2345F,EconomyClass,En Vuelo
987,Mohammed,Gutierrez,42000.00,BA2491A,EconomyClass,Aterrizado
414,Morie,Garcia,12000.00,TU6789B,EconomyClass,Aterrizado
254,Morris,Soto,10000.00,BA2491A,EconomyClass,Aterrizado
78,Morse,Godoy,25000.00,IB0800A,ExecutiveClass,Aterrizado
530,Mort,Cortes,42000.00,GU2345F,EconomyClass,En Vuelo
220,Mozes,Venegas,25000.00,TU6789B,FirstClass,Aterrizado
94,My,Toro,18000.00,MM0987B,ExecutiveClass,En Horario
76,Nananne,Zuniga,33000.00,IB0800A,ExecutiveClass,Aterrizado
106,Nance,Sanchez,10000.00,MM0987B,ExecutiveClass,En Horario
759,Nanete,Hernandez,37000.00,FR5678G,FirstClass,En Horario
676,Nani,Garrido,50000.00,HY4567D,EconomyClass,Demorado
375,Nanni,Rojas,25000.00,BA2491A,EconomyClass,Aterrizado
664,Natassia,Bravo,42000.00,HY4567D,EconomyClass,Demorado
532,Nathalie,Nunez,37000.00,GU2345F,EconomyClass,En Vuelo
365,Neely,Romero,20000.00,TU6789B,EconomyClass,Aterrizado
421,Neila,Sandoval,15000.00,TU6789B,EconomyClass,Aterrizado
363,Neilla,alvarez,50000.00,TU6789B,EconomyClass,Aterrizado
643,Neron,Reyes,42000.00,HY4567D,EconomyClass,Demorado
327,Nerty,Lagos,20000.00,TU6789B,EconomyClass,Aterrizado
180,Nial,Garrido,15000.00,MM0987B,ExecutiveClass,En Horario
93,Nicky,Bustamante,42000.00,MM0987B,ExecutiveClass,En Horario
627,Nicola,Contreras,12000.00,HY4567D,ExecutiveClass,Demorado
214,Nicolina,Alvarado,30000.00,TU6789B,FirstClass,Aterrizado
710,Nikolaus,Alvarado,30000.00,HY4567D,EconomyClass,Demorado
45,Nikoletta,Vera,50000.00,MM0987B,FirstClass,En Horario
216,Nikoletta,Poblete,12000.00,TU6789B,FirstClass,Aterrizado
678,Nilson,Guzman,10000.00,HY4567D,EconomyClass,Demorado
941,Nina,Valdes,25000.00,IB0800A,EconomyClass,Aterrizado
357,Nisse,Martin,37000.00,TU6789B,EconomyClass,Aterrizado
215,Nita,Donoso,12000.00,TU6789B,FirstClass,Aterrizado
970,Noach,Fernandez,12000.00,IB0800A,EconomyClass,Aterrizado
48,Noella,Campos,15000.00,IB0800A,FirstClass,Aterrizado
790,Noll,Molina,30000.00,FR5678G,ExecutiveClass,En Horario
339,Nona,Donoso,30000.00,TU6789B,EconomyClass,Aterrizado
384,Nonnah,Rodriguez,25000.00,TU6789B,EconomyClass,Aterrizado
828,Norbert,Palma,20000.00,FR5678G,EconomyClass,En Horario
253,Norene,Perez,25000.00,BA2491A,EconomyClass,Aterrizado
814,Obadiah,Leiva,12000.00,FR5678G,EconomyClass,En Horario
809,Obadias,Aravena,10000.00,FR5678G,EconomyClass,En Horario
896,Oberon,Vasquez,15000.00,FR5678G,EconomyClass,En Horario
833,Oby,Saez,12000.00,FR5678G,EconomyClass,En Horario
621,Odessa,Gonzalez,50000.00,HY4567D,ExecutiveClass,Demorado
201,Odey,Pena,20000.00,BA2491A,EconomyClass,Aterrizado
921,Odie,Alarcon,20000.00,BR3456J,ExecutiveClass,Demorado
287,Ofelia,Rivera,30000.00,BA2491A,EconomyClass,Aterrizado
162,Ofella,Vergara,50000.00,IB0800A,EconomyClass,Aterrizado
832,Olivier,Navarrete,20000.00,FR5678G,EconomyClass,En Horario
130,Omero,Soto,10000.00,BA2491A,ExecutiveClass,Aterrizado
858,Ophelie,Moreno,37000.00,FR5678G,EconomyClass,En Horario
839,Oralia,Ortega,10000.00,FR5678G,EconomyClass,En Horario
263,Orelee,Hernandez,20000.00,TU6789B,ExecutiveClass,Aterrizado
912,Oren,Bravo,20000.00,MM0987B,EconomyClass,En Horario
924,Orlan,Garrido,25000.00,BR3456J,ExecutiveClass,Demorado
618,Orson,Dominguez,25000.00,HY4567D,ExecutiveClass,Demorado
155,Osbert,Ramirez,42000.00,IB0800A,EconomyClass,Aterrizado
283,Osbert,Herrera,15000.00,TU6789B,ExecutiveClass,Aterrizado
729,Osbert,Martin,33000.00,IB0800A,EconomyClass,Aterrizado
196,Otho,Ruiz,20000.00,BA2491A,ExecutiveClass,Aterrizado
445,Ozzie,Valdes,20000.00,GU2345F,ExecutiveClass,En Vuelo
698,Paddie,Godoy,33000.00,HY4567D,EconomyClass,Demorado
743,Pancho,Vazquez,18000.00,FR5678G,FirstClass,En Horario
19,Park,Espinoza,30000.00,MM0987B,FirstClass,En Horario
163,Pascale,Rivera,15000.00,IB0800A,EconomyClass,Aterrizado
507,Patrice,Morales,37000.00,GU2345F,EconomyClass,En Vuelo
121,Patrizio,Torres,15000.00,IB0800A,ExecutiveClass,Aterrizado
503,Patton,Contreras,15000.00,GU2345F,EconomyClass,En Vuelo
69,Paulita,Yanez,50000.00,IB0800A,FirstClass,Aterrizado
704,Pauly,Palma,30000.00,HY4567D,EconomyClass,Demorado
611,Pearla,alvarez,20000.00,HY4567D,ExecutiveClass,Demorado
870,Pearla,Munoz,33000.00,FR5678G,EconomyClass,En Horario
984,Pebrook,Munoz,33000.00,BA2491A,EconomyClass,Aterrizado
124,Pen,Ramos,18000.00,IB0800A,EconomyClass,Aterrizado
516,Pernell,Valenzuela,50000.00,GU2345F,EconomyClass,En Vuelo
233,Peter,Martin,12000.00,BA2491A,EconomyClass,Aterrizado
111,Petey,Ruiz,15000.00,IB0800A,ExecutiveClass,Aterrizado
707,Petronille,Carvajal,42000.00,HY4567D,EconomyClass,Demorado
871,Phelia,Rojas,33000.00,FR5678G,EconomyClass,En Horario
194,Philipa,Leiva,42000.00,TU6789B,FirstClass,Aterrizado
574,Phillipe,Godoy,37000.00,GU2345F,EconomyClass,En Vuelo
861,Pietrek,Romero,25000.00,FR5678G,EconomyClass,En Horario
234,Pietro,Jimenez,18000.00,BA2491A,EconomyClass,Aterrizado
430,Pincus,Guzman,42000.00,GU2345F,FirstClass,En Vuelo
123,Pippa,Vazquez,20000.00,IB0800A,ExecutiveClass,Aterrizado
771,Portia,alvarez,33000.00,FR5678G,ExecutiveClass,En Horario
453,Portie,Bustos,15000.00,GU2345F,ExecutiveClass,En Vuelo
174,Prentiss,Orellana,30000.00,IB0800A,EconomyClass,Aterrizado
400,Prince,Vasquez,25000.00,MM0987B,EconomyClass,En Horario
544,Prisca,Campos,18000.00,GU2345F,EconomyClass,En Vuelo
402,Rachel,Fernandez,12000.00,MM0987B,EconomyClass,En Horario
281,Rafaellle,Gomez,50000.00,TU6789B,ExecutiveClass,Aterrizado
341,Rafaello,Bustamante,37000.00,TU6789B,EconomyClass,Aterrizado
47,Raine,Vega,30000.00,IB0800A,FirstClass,Aterrizado
878,Ralf,Sepulveda,12000.00,FR5678G,EconomyClass,En Horario
471,Ramsay,Farias,20000.00,GU2345F,ExecutiveClass,En Vuelo
335,Rand,Carvajal,20000.00,TU6789B,EconomyClass,Aterrizado
937,Randy,Yanez,15000.00,IB0800A,EconomyClass,Aterrizado
994,Raquela,alvarez,12000.00,MM0987B,EconomyClass,En Horario
848,Rasia,Lopez,37000.00,FR5678G,EconomyClass,En Horario
24,Reagen,Gutierrez,42000.00,MM0987B,FirstClass,En Horario
34,Redd,Cortes,42000.00,BA2491A,FirstClass,Aterrizado
777,Ree,Gomez,42000.00,FR5678G,ExecutiveClass,En Horario
441,Regine,Yanez,10000.00,GU2345F,FirstClass,En Vuelo
307,Renie,Henriquez,33000.00,TU6789B,EconomyClass,Aterrizado
570,Retha,Vidal,15000.00,GU2345F,EconomyClass,En Vuelo
900,Riccardo,Carrasco,42000.00,BR3456J,FirstClass,Demorado
322,Richard,Vidal,42000.00,BA2491A,EconomyClass,Aterrizado
727,Rickie,Perez,42000.00,IB0800A,EconomyClass,Aterrizado
702,Rikki,Medina,12000.00,HY4567D,EconomyClass,Demorado
446,Rina,Vidal,20000.00,GU2345F,ExecutiveClass,En Vuelo
882,Rina,Fuentes,25000.00,FR5678G,EconomyClass,En Horario
721,Riobard,Gonzalez,42000.00,IB0800A,EconomyClass,Aterrizado
177,Robbi,Alarcon,10000.00,MM0987B,ExecutiveClass,En Horario
697,Robbie,Pena,30000.00,HY4567D,EconomyClass,Demorado
927,Robinia,Henriquez,10000.00,BR3456J,EconomyClass,Demorado
819,Roch,Salinas,33000.00,FR5678G,EconomyClass,En Horario
470,Rod,Mendoza,50000.00,GU2345F,ExecutiveClass,En Vuelo
38,Roda,Vergara,25000.00,MM0987B,FirstClass,En Horario
195,Roderigo,Escobar,20000.00,BA2491A,ExecutiveClass,Aterrizado
79,Roland,Lagos,25000.00,IB0800A,ExecutiveClass,Aterrizado
218,Romola,Toro,50000.00,TU6789B,FirstClass,Aterrizado
302,Ron,Gallardo,20000.00,TU6789B,EconomyClass,Aterrizado
487,Rorie,alvarez,25000.00,GU2345F,EconomyClass,En Vuelo
637,Rosalia,Araya,18000.00,HY4567D,EconomyClass,Demorado
686,Rosalyn,Vargas,37000.00,HY4567D,EconomyClass,Demorado
330,Rosemarie,Medina,33000.00,TU6789B,EconomyClass,Aterrizado
746,Rosemarie,Munoz,10000.00,FR5678G,FirstClass,En Horario
713,Roslyn,Bustamante,25000.00,HY4567D,EconomyClass,Demorado
764,Roslyn,Valenzuela,10000.00,FR5678G,FirstClass,En Horario
866,Rubi,Dominguez,18000.00,FR5678G,EconomyClass,En Horario
293,Russell,Vera,50000.00,BA2491A,EconomyClass,Aterrizado
183,Ruthe,Henriquez,30000.00,MM0987B,ExecutiveClass,En Horario
565,Rutherford,Yanez,15000.00,GU2345F,EconomyClass,En Vuelo
649,Ruthy,Sanchez,20000.00,HY4567D,EconomyClass,Demorado
77,Sacha,Pena,25000.00,IB0800A,ExecutiveClass,Aterrizado
472,Saidee,San Martin,50000.00,GU2345F,ExecutiveClass,En Vuelo
1000,Saleem,Torres,20000.00,MM0987B,EconomyClass,En Horario
474,Salomi,Fernandez,10000.00,GU2345F,ExecutiveClass,En Vuelo
452,Samara,Maldonado,50000.00,GU2345F,ExecutiveClass,En Vuelo
645,Sarajane,Castro,10000.00,HY4567D,EconomyClass,Demorado
561,Sasha,Aravena,15000.00,GU2345F,EconomyClass,En Vuelo
916,Saunder,Campos,37000.00,MM0987B,EconomyClass,En Horario
540,Saunders,Bravo,25000.00,BA2491A,EconomyClass,Aterrizado
875,Saw,Contreras,15000.00,FR5678G,EconomyClass,En Horario
70,Sayre,Leiva,33000.00,IB0800A,FirstClass,Aterrizado
298,Sayre,Orellana,18000.00,TU6789B,EconomyClass,Aterrizado
610,Sayre,Moreno,33000.00,HY4567D,ExecutiveClass,Demorado
210,Sayres,Sanhueza,10000.00,TU6789B,FirstClass,Aterrizado
188,Scarface,Romero,50000.00,MM0987B,ExecutiveClass,En Horario
578,Scarlett,Medina,20000.00,HY4567D,FirstClass,Demorado
187,Sebastien,Parra,37000.00,MM0987B,ExecutiveClass,En Horario
633,Shandra,Lopez,50000.00,HY4567D,EconomyClass,Demorado
982,Sharai,Moreno,10000.00,BA2491A,EconomyClass,Aterrizado
71,Shaughn,Escobar,15000.00,IB0800A,FirstClass,Aterrizado
901,Shaughn,Gomez,50000.00,BR3456J,FirstClass,Demorado
959,Shaughn,Donoso,15000.00,BR3456J,EconomyClass,Demorado
388,Shauna,Torres,25000.00,TU6789B,EconomyClass,Aterrizado
463,Shea,Donoso,12000.00,GU2345F,ExecutiveClass,En Vuelo
5,Sheelagh,Perez,18000.00,IB0800A,FirstClass,Aterrizado
672,Sheila-kathryn,Olivares,10000.00,HY4567D,EconomyClass,Demorado
802,Sheilah,Guzman,42000.00,FR5678G,ExecutiveClass,En Horario
13,Shel,Lopez,50000.00,MM0987B,FirstClass,En Horario
579,Shel,Pino,25000.00,HY4567D,FirstClass,Demorado
841,Shelley,Guerrero,15000.00,FR5678G,EconomyClass,En Horario
521,Sheridan,Castro,50000.00,GU2345F,EconomyClass,En Vuelo
661,Shermie,Riquelme,12000.00,HY4567D,EconomyClass,Demorado
391,Sherwin,Espinoza,50000.00,MM0987B,ExecutiveClass,En Horario
635,Sherwin,Hernandez,10000.00,HY4567D,EconomyClass,Demorado
269,Shirl,Castillo,20000.00,TU6789B,ExecutiveClass,Aterrizado
165,Sib,Riquelme,33000.00,IB0800A,EconomyClass,Aterrizado
417,Sibley,Vera,20000.00,TU6789B,EconomyClass,Aterrizado
851,Sidoney,Perez,20000.00,FR5678G,EconomyClass,En Horario
284,Sidonia,Nunez,10000.00,TU6789B,ExecutiveClass,Aterrizado
760,Sidonia,Torres,10000.00,FR5678G,FirstClass,En Horario
381,Silas,Martinez,15000.00,BA2491A,EconomyClass,Aterrizado
734,Silas,Moreno,20000.00,IB0800A,EconomyClass,Aterrizado
409,Sileas,Jara,20000.00,TU6789B,EconomyClass,Aterrizado
306,Silvan,Guzman,12000.00,TU6789B,EconomyClass,Aterrizado
742,Silvano,Dominguez,12000.00,FR5678G,FirstClass,En Horario
738,Silvie,Alonso,12000.00,FR5678G,FirstClass,En Horario
361,Sinclair,Diaz,50000.00,TU6789B,EconomyClass,Aterrizado
956,Sioux,Navarrete,12000.00,MM0987B,EconomyClass,En Horario
491,Skipton,Gutierrez,10000.00,GU2345F,EconomyClass,En Vuelo
415,Skylar,Miranda,20000.00,TU6789B,EconomyClass,Aterrizado
972,Sloan,Lopez,42000.00,IB0800A,EconomyClass,Aterrizado
684,Sly,Romero,42000.00,HY4567D,EconomyClass,Demorado
431,Smitty,Henriquez,15000.00,GU2345F,FirstClass,En Vuelo
75,Solomon,Salinas,10000.00,IB0800A,ExecutiveClass,Aterrizado
65,Star,Aravena,33000.00,MM0987B,FirstClass,En Horario
37,Stefa,Jara,42000.00,BA2491A,FirstClass,Aterrizado
264,Stephen,Torres,37000.00,TU6789B,ExecutiveClass,Aterrizado
134,Stephenie,Sepulveda,50000.00,BA2491A,ExecutiveClass,Aterrizado
118,Stu,Alonso,12000.00,MM0987B,ExecutiveClass,En Horario
91,Sully,Donoso,15000.00,MM0987B,ExecutiveClass,En Horario
811,Susi,Vazquez,18000.00,FR5678G,EconomyClass,En Horario
573,Sutherlan,Pena,10000.00,GU2345F,EconomyClass,En Vuelo
467,Svend,Ortega,25000.00,GU2345F,ExecutiveClass,En Vuelo
258,Sydelle,Sepulveda,30000.00,BA2491A,EconomyClass,Aterrizado
40,Sydney,Figueroa,10000.00,MM0987B,FirstClass,En Horario
907,Tabb,Rivera,50000.00,BR3456J,ExecutiveClass,Demorado
229,Tabina,Martinez,10000.00,TU6789B,FirstClass,Aterrizado
311,Tabor,Parra,37000.00,TU6789B,EconomyClass,Aterrizado
260,Tadd,Rodriguez,50000.00,TU6789B,ExecutiveClass,Aterrizado
682,Tally,Aguilera,42000.00,HY4567D,EconomyClass,Demorado
442,Tam,Leiva,20000.00,GU2345F,ExecutiveClass,En Vuelo
490,Tamarah,Alonso,50000.00,GU2345F,EconomyClass,En Vuelo
999,Tamarra,Navarro,15000.00,MM0987B,EconomyClass,En Horario
823,Tania,Lagos,42000.00,FR5678G,EconomyClass,En Horario
156,Tanny,Carrasco,42000.00,IB0800A,EconomyClass,Aterrizado
142,Tanya,Flores,30000.00,IB0800A,EconomyClass,Aterrizado
347,Tarra,Farias,12000.00,TU6789B,EconomyClass,Aterrizado
84,Tatiania,Palma,20000.00,IB0800A,ExecutiveClass,Aterrizado
701,Tedra,Bustos,33000.00,HY4567D,EconomyClass,Demorado
689,Terrence,Yanez,42000.00,HY4567D,EconomyClass,Demorado
694,Terrie,Vidal,42000.00,HY4567D,EconomyClass,Demorado
112,Tersina,Hernandez,30000.00,IB0800A,ExecutiveClass,Aterrizado
873,Thomasa,Perez,18000.00,FR5678G,EconomyClass,En Horario
212,Thomasina,Navarrete,42000.00,TU6789B,FirstClass,Aterrizado
651,Thorndike,Ramirez,10000.00,HY4567D,EconomyClass,Demorado
315,Timothea,Vazquez,20000.00,TU6789B,EconomyClass,Aterrizado
250,Tiphani,Munoz,42000.00,TU6789B,ExecutiveClass,Aterrizado
581,Tiphani,Moreno,33000.00,HY4567D,FirstClass,Demorado
30,Toby,Fernandez,15000.00,IB0800A,FirstClass,Aterrizado
766,Toby,Tapia,20000.00,FR5678G,ExecutiveClass,En Horario
131,Tom,Contreras,33000.00,BA2491A,ExecutiveClass,Aterrizado
679,Tomi,Henriquez,50000.00,HY4567D,EconomyClass,Demorado
625,Tonya,Perez,37000.00,HY4567D,ExecutiveClass,Demorado
780,Tootsie,Nunez,25000.00,FR5678G,ExecutiveClass,En Horario
482,Tori,Jimenez,42000.00,GU2345F,EconomyClass,En Vuelo
515,Torrey,Espinoza,42000.00,GU2345F,EconomyClass,En Vuelo
116,Tracey,Munoz,20000.00,IB0800A,ExecutiveClass,Aterrizado
992,Trenna,Ramos,10000.00,MM0987B,EconomyClass,En Horario
85,Trenton,Moreno,12000.00,IB0800A,ExecutiveClass,Aterrizado
821,Trevor,Pena,10000.00,FR5678G,EconomyClass,En Horario
958,Trista,Alvarado,50000.00,BR3456J,EconomyClass,Demorado
109,Trixie,Martin,42000.00,IB0800A,ExecutiveClass,Aterrizado
226,Trula,Fernandez,30000.00,TU6789B,FirstClass,Aterrizado
590,Trumaine,Toro,15000.00,HY4567D,FirstClass,Demorado
868,Trumaine,Ramos,42000.00,FR5678G,EconomyClass,En Horario
359,Tully,Ruiz,18000.00,TU6789B,EconomyClass,Aterrizado
915,Tyrone,Vega,15000.00,MM0987B,EconomyClass,En Horario
358,Ula,Jimenez,50000.00,TU6789B,EconomyClass,Aterrizado
2,Ulrike,Munoz,25000.00,IB0800A,FirstClass,Aterrizado
586,Umeko,Alvarado,30000.00,HY4567D,FirstClass,Demorado
318,Urban,Leiva,10000.00,BA2491A,EconomyClass,Aterrizado
329,Urbano,Bustos,50000.00,TU6789B,EconomyClass,Aterrizado
401,Vail,Sanchez,33000.00,MM0987B,EconomyClass,En Horario
855,Vassili,Ruiz,33000.00,FR5678G,EconomyClass,En Horario
939,Verina,Escobar,37000.00,IB0800A,EconomyClass,Aterrizado
942,Vernen,Vidal,18000.00,IB0800A,EconomyClass,Aterrizado
373,Veronica,Gonzalez,42000.00,TU6789B,EconomyClass,Aterrizado
593,Vic,Guerrero,25000.00,HY4567D,FirstClass,Demorado
392,Vikki,Valenzuela,33000.00,MM0987B,ExecutiveClass,En Horario
376,Vikky,Diaz,15000.00,BA2491A,EconomyClass,Aterrizado
129,Vina,Perez,42000.00,BA2491A,ExecutiveClass,Aterrizado
514,Vincents,Flores,25000.00,MM0987B,EconomyClass,En Horario
634,Viva,Fuentes,25000.00,HY4567D,EconomyClass,Demorado
432,Wade,Saavedra,12000.00,GU2345F,FirstClass,En Vuelo
840,Wadsworth,Venegas,30000.00,FR5678G,EconomyClass,En Horario
951,Wake,Pino,25000.00,BR3456J,EconomyClass,Demorado
190,Waldon,Vargas,30000.00,MM0987B,ExecutiveClass,En Horario
989,Wandie,Torres,25000.00,BA2491A,EconomyClass,Aterrizado
176,Wanids,Olivares,30000.00,MM0987B,ExecutiveClass,En Horario
978,Warner,Jimenez,30000.00,IB0800A,EconomyClass,Aterrizado
500,Warren,Diaz,25000.00,GU2345F,EconomyClass,En Vuelo
317,Web,Yanez,37000.00,BA2491A,EconomyClass,Aterrizado
208,Weider,Palma,50000.00,TU6789B,FirstClass,Aterrizado
922,Wenda,Gallardo,12000.00,BR3456J,ExecutiveClass,Demorado
977,Wenonah,Martin,12000.00,IB0800A,EconomyClass,Aterrizado
435,Wesley,Parra,10000.00,GU2345F,FirstClass,En Vuelo
665,Wheeler,Vera,25000.00,HY4567D,EconomyClass,Demorado
355,Wilfred,Perez,20000.00,TU6789B,EconomyClass,Aterrizado
775,Wilie,Ramirez,30000.00,FR5678G,ExecutiveClass,En Horario
404,Willa,Carrasco,30000.00,TU6789B,EconomyClass,Aterrizado
659,Willdon,Rivera,10000.00,HY4567D,EconomyClass,Demorado
495,Willey,Vazquez,15000.00,GU2345F,EconomyClass,En Vuelo
321,Wilona,Valdes,25000.00,BA2491A,EconomyClass,Aterrizado
807,Wini,Parra,37000.00,FR5678G,EconomyClass,En Horario
739,Winnifred,Gutierrez,10000.00,FR5678G,FirstClass,En Horario
925,Wittie,Salazar,37000.00,BR3456J,ExecutiveClass,Demorado
640,Wolfy,Valenzuela,33000.00,HY4567D,EconomyClass,Demorado
688,Xenos,Caceres,37000.00,HY4567D,EconomyClass,Demorado
139,Yankee,Hernandez,42000.00,BA2491A,ExecutiveClass,Aterrizado
845,Yardley,Gonzalez,50000.00,FR5678G,EconomyClass,En Horario
798,Yelena,Gallardo,50000.00,FR5678G,ExecutiveClass,En Horario
826,Yetta,Medina,25000.00,FR5678G,EconomyClass,En Horario
202,Yorke,Godoy,15000.00,BA2491A,EconomyClass,Aterrizado
685,Yul,Aravena,30000.00,HY4567D,EconomyClass,Demorado
255,Yuri,Contreras,25000.00,BA2491A,EconomyClass,Aterrizado
300,Zabrina,Olivares,12000.00,TU6789B,EconomyClass,Aterrizado
991,Zaccaria,Vazquez,33000.00,MM0987B,EconomyClass,En Horario
128,Zacharie,Diaz,30000.00,BA2491A,ExecutiveClass,Aterrizado
724,Zia,Lopez,42000.00,IB0800A,EconomyClass,Aterrizado
960,Zitella,Poblete,42000.00,BR3456J,EconomyClass,Demorado
193,Zolly,Yanez,25000.00,MM0987B,ExecutiveClass,En Horario
224,Zonda,San Martin,33000.00,TU6789B,FirstClass,Aterrizado
692,Zorina,Ruiz,18000.00,HY4567D,EconomyClass,Demorado
750,Zsa zsa,Soto,20000.00,FR5678G,FirstClass,En Horario
